institution,mean_manual,mean_auto,delta_auto_minus_manual
EDPB and EDPS,0.06403263,0.05386931,-0.010163318
European Commission,0.012764558,-0.0086129485,-0.021377508
European Parliament,-0.03267192,-0.05146825,-0.018796328
